Episode,Reward
1,-80
2,-90
3,-20
4,-30
5,-20
6,-60
7,-40
8,-60
9,-30
10,-80
11,-20
12,-80
13,-50
14,-60
15,-100
16,-20
17,-40
18,-20
19,-30
20,-60
21,-40
22,-70
23,-80
24,-40
25,-50
26,-50
27,-40
28,-80
29,-80
30,-40
31,-40
32,-60
33,-20
34,-70
35,-40
36,-80
37,-50
38,-40
39,-60
40,-30
41,-80
42,-20
43,-50
44,-40
45,-40
46,-10
47,-20
48,-20
49,-30
50,-10
51,-30
52,-50
53,-40
54,-90
55,-20
56,-50
57,-20
58,-60
59,-30
60,-20
61,-40
62,-20
63,-70
64,-30
65,-20
66,-10
67,-20
68,-30
69,-30
70,-50
71,-10
72,-30
73,0
74,-60
75,-10
76,-20
77,-20
78,-20
79,-50
80,-20
81,-20
82,-60
83,-20
84,-30
85,-30
86,-10
87,-10
88,-50
89,-40
90,0
91,-50
92,-20
93,-30
94,-30
95,-20
96,-30
97,-70
98,-20
99,-60
100,-60
101,-60
102,-40
103,-10
104,-20
105,-10
106,-20
107,-10
108,-30
109,-20
110,-10
111,-60
112,-30
113,-40
114,-30
115,-40
116,-20
117,-70
118,-10
119,-40
120,-10
121,-10
122,-40
123,-20
124,-30
125,-20
126,-20
127,-20
128,-10
129,-20
130,-20
131,-20
132,0
133,-40
134,-60
135,0
136,-40
137,-20
138,-20
139,-60
140,-20
141,-30
142,0
143,-10
144,-30
145,0
146,-20
147,-20
148,-20
149,0
150,-10
151,-10
152,-50
153,-10
154,-40
155,-30
156,-20
157,-20
158,-30
159,-30
160,-30
161,-10
162,-40
163,-10
164,-10
165,-10
166,-20
167,0
168,0
169,-40
170,0
171,-20
172,-10
173,-20
174,-20
175,-20
176,-30
177,-10
178,-40
179,-20
180,-20
181,-10
182,-30
183,-20
184,-10
185,-10
186,-10
187,-20
188,-20
189,-20
190,-20
191,-30
192,-30
193,-40
194,-10
195,-30
196,-40
197,-10
198,-20
199,-10
200,-20
201,-10
202,-30
203,-10
204,-20
205,-20
206,-40
207,-30
208,-30
209,-20
210,-10
211,-10
212,-10
213,-10
214,0
215,-10
216,0
217,-40
218,0
219,-20
220,-10
221,-20
222,0
223,-20
224,-40
225,-30
226,-20
227,-20
228,-40
229,-30
230,-20
231,-20
232,-10
233,0
234,-40
235,0
236,-20
237,-20
238,-20
239,-30
240,-30
241,-30
242,-20
243,-10
244,-10
245,-20
246,-30
247,-10
248,0
249,0
250,-10
251,-30
252,0
253,0
254,0
255,0
256,-30
257,-10
258,-10
259,0
260,0
261,-10
262,0
263,-20
264,-10
265,-30
266,-10
267,-10
268,-20
269,-30
270,-10
271,0
272,0
273,-20
274,0
275,0
276,-20
277,-10
278,-10
279,0
280,-20
281,0
282,-20
283,0
284,-10
285,0
286,-10
287,0
288,-40
289,0
290,-20
291,0
292,-10
293,0
294,-20
295,-40
296,0
297,0
298,0
299,0
300,-20
301,0
302,0
303,-20
304,0
305,0
306,-40
307,0
308,-10
309,0
310,-10
311,-20
312,-10
313,-10
314,0
315,-10
316,-10
317,-40
318,0
319,0
320,-10
321,0
322,-10
323,-10
324,0
325,0
326,-10
327,0
328,-10
329,-30
330,-10
331,0
332,-10
333,-20
334,-10
335,-30
336,-10
337,0
338,-30
339,0
340,-30
341,-10
342,0
343,-30
344,0
345,0
346,-20
347,-10
348,-20
349,-20
350,-10
351,-20
352,0
353,-20
354,0
355,-10
356,0
357,-10
358,0
359,-20
360,-10
361,0
362,0
363,0
364,-10
365,-10
366,0
367,0
368,-10
369,0
370,-50
371,-10
372,0
373,-20
374,-20
375,-20
376,-10
377,-10
378,-10
379,-10
380,-10
381,0
382,-40
383,-10
384,0
385,0
386,-10
387,-10
388,0
389,0
390,-20
391,0
392,-10
393,-10
394,-10
395,0
396,0
397,-10
398,-10
399,-10
400,0
401,-10
402,-10
403,0
404,0
405,-10
406,0
407,0
408,0
409,-20
410,0
411,-10
412,0
413,0
414,0
415,-20
416,-10
417,0
418,-30
419,0
420,0
421,-10
422,0
423,-10
424,-10
425,-10
426,0
427,0
428,0
429,-10
430,-10
431,0
432,0
433,-10
434,-10
435,-10
436,-10
437,0
438,-10
439,0
440,0
441,-10
442,-10
443,0
444,0
445,-10
446,-10
447,0
448,0
449,0
450,-10
451,-10
452,0
453,0
454,-10
455,-10
456,0
457,-10
458,-10
459,-10
460,-10
461,0
462,0
463,0
464,0
465,0
466,0
467,-10
468,0
469,0
470,0
471,-10
472,-10
473,0
474,-10
475,-10
476,0
477,0
478,-10
479,0
480,-10
481,-10
482,-10
483,0
484,-20
485,0
486,0
487,-10
488,0
489,-20
490,0
491,-20
492,0
493,0
494,0
495,-10
496,0
497,0
498,-20
499,0
500,-10
501,-10
502,-10
503,-30
504,0
505,0
506,0
507,-10
508,0
509,0
510,0
511,0
512,0
513,0
514,0
515,0
516,-20
517,0
518,-10
519,-10
520,-10
521,-10
522,0
523,0
524,0
525,-10
526,-10
527,0
528,-10
529,0
530,-10
531,-10
532,0
533,0
534,-30
535,0
536,0
537,0
538,-10
539,-10
540,-10
541,-20
542,0
543,0
544,0
545,0
546,-10
547,-10
548,0
549,-20
550,-10
551,-20
552,0
553,0
554,0
555,0
556,0
557,-10
558,-20
559,-10
560,0
561,-10
562,-10
563,-10
564,-10
565,0
566,0
567,-10
568,-10
569,0
570,-10
571,0
572,-10
573,-10
574,0
575,0
576,0
577,-10
578,0
579,0
580,-10
581,-10
582,0
583,-10
584,0
585,0
586,0
587,0
588,-10
589,-30
590,-10
591,0
592,0
593,0
594,0
595,-10
596,0
597,-10
598,0
599,-10
600,-10
601,0
602,0
603,-10
604,0
605,0
606,0
607,0
608,0
609,-10
610,0
611,0
612,0
613,0
614,-20
615,-10
616,0
617,0
618,0
619,0
620,0
621,0
622,0
623,0
624,0
625,0
626,-10
627,0
628,0
629,0
630,0
631,0
632,0
633,0
634,0
635,-10
636,0
637,-20
638,0
639,0
640,-10
641,0
642,0
643,-10
644,0
645,-10
646,0
647,0
648,-10
649,0
650,0
651,-10
652,-10
653,-10
654,-10
655,0
656,-10
657,0
658,0
659,0
660,0
661,0
662,0
663,0
664,0
665,0
666,0
667,0
668,-20
669,0
670,0
671,0
672,0
673,-30
674,0
675,0
676,-10
677,0
678,-30
679,-10
680,0
681,0
682,-20
683,0
684,-10
685,0
686,0
687,0
688,-10
689,0
690,0
691,0
692,0
693,0
694,0
695,-10
696,0
697,0
698,-20
699,0
700,-10
701,-10
702,-30
703,0
704,-10
705,-10
706,0
707,0
708,0
709,-10
710,0
711,-10
712,0
713,0
714,0
715,0
716,-10
717,0
718,-20
719,0
720,0
721,-20
722,-10
723,0
724,-20
725,0
726,0
727,-10
728,0
729,0
730,-20
731,0
732,0
733,0
734,0
735,-10
736,-10
737,0
738,0
739,-20
740,-10
741,0
742,0
743,0
744,0
745,-10
746,0
747,-10
748,-10
749,-10
750,0
751,0
752,-10
753,0
754,0
755,0
756,0
757,-10
758,0
759,-10
760,-10
761,0
762,-20
763,0
764,-10
765,0
766,0
767,0
768,0
769,0
770,-10
771,0
772,0
773,-10
774,-10
775,0
776,-10
777,0
778,0
779,0
780,-10
781,-10
782,-20
783,-10
784,0
785,-20
786,-10
787,-10
788,-10
789,0
790,0
791,-10
792,0
793,0
794,-10
795,-10
796,-10
797,0
798,0
799,-10
800,0
801,0
802,-20
803,0
804,-10
805,-10
806,0
807,0
808,-20
809,0
810,0
811,-20
812,-10
813,0
814,0
815,-10
816,0
817,-10
818,-10
819,0
820,0
821,0
822,0
823,0
824,0
825,-10
826,-10
827,-10
828,-10
829,-10
830,-10
831,-30
832,0
833,0
834,0
835,-10
836,-10
837,-10
838,-20
839,0
840,0
841,-10
842,-20
843,0
844,0
845,-10
846,-10
847,-20
848,0
849,0
850,0
851,0
852,0
853,-10
854,0
855,-10
856,0
857,-10
858,0
859,-10
860,0
861,-10
862,0
863,-10
864,0
865,0
866,-10
867,0
868,-10
869,0
870,-10
871,0
872,0
873,-30
874,0
875,-10
876,-10
877,0
878,0
879,0
880,-10
881,0
882,-20
883,0
884,-20
885,-10
886,-10
887,-10
888,-10
889,-10
890,-10
891,-10
892,0
893,0
894,-10
895,0
896,0
897,0
898,0
899,0
900,0
901,0
902,-10
903,0
904,0
905,-10
906,0
907,0
908,0
909,0
910,0
911,0
912,0
913,0
914,0
915,-10
916,-20
917,0
918,-10
919,0
920,-30
921,0
922,-10
923,-20
924,0
925,0
926,0
927,-10
928,0
929,0
930,0
931,0
932,-40
933,0
934,-10
935,-10
936,0
937,0
938,0
939,-10
940,-10
941,-10
942,0
943,-20
944,0
945,-10
946,0
947,-10
948,0
949,0
950,0
951,-10
952,-20
953,0
954,0
955,-10
956,-10
957,-10
958,-10
959,-20
960,-10
961,-20
962,0
963,-10
964,0
965,-20
966,-10
967,-10
968,-30
969,0
970,-10
971,-10
972,-10
973,0
974,0
975,-10
976,-20
977,0
978,-10
979,0
980,0
981,0
982,0
983,-20
984,-10
985,0
986,0
987,0
988,0
989,0
990,0
991,0
992,-10
993,-10
994,0
995,0
996,-10
997,0
998,0
999,-10
1000,0
1001,0
1002,-10
1003,0
1004,0
1005,0
1006,0
1007,0
1008,0
1009,0
1010,0
1011,0
1012,0
1013,-30
1014,0
1015,-10
1016,0
1017,-10
1018,-20
1019,-30
1020,-10
1021,0
1022,0
1023,0
1024,-10
1025,0
1026,-10
1027,0
1028,-10
1029,-10
1030,0
1031,-10
1032,-10
1033,0
1034,0
1035,-10
1036,0
1037,-10
1038,0
1039,-10
1040,0
1041,0
1042,0
1043,0
1044,-10
1045,0
1046,0
1047,-10
1048,-10
1049,0
1050,-10
1051,0
1052,0
1053,0
1054,0
1055,-10
1056,0
1057,0
1058,0
1059,-20
1060,0
1061,0
1062,-10
1063,0
1064,0
1065,-10
1066,0
1067,0
1068,0
1069,0
1070,0
1071,0
1072,0
1073,0
1074,-10
1075,-10
1076,0
1077,0
1078,0
1079,-10
1080,-20
1081,-10
1082,-10
1083,0
1084,0
1085,0
1086,0
1087,0
1088,0
1089,-20
1090,0
1091,0
1092,-10
1093,-10
1094,0
1095,0
1096,0
1097,0
1098,0
1099,0
1100,0
1101,-10
1102,0
1103,-30
1104,-10
1105,0
1106,0
1107,-10
1108,0
1109,0
1110,0
1111,0
1112,-10
1113,0
1114,-10
1115,0
1116,0
1117,0
1118,-10
1119,-20
1120,0
1121,-10
1122,0
1123,-10
1124,0
1125,0
1126,0
1127,0
1128,0
1129,-10
1130,0
1131,-10
1132,0
1133,-20
1134,0
1135,0
1136,-10
1137,0
1138,0
1139,0
1140,-10
1141,0
1142,0
1143,0
1144,-10
1145,0
1146,-20
1147,-10
1148,0
1149,0
1150,0
1151,0
1152,0
1153,0
1154,0
1155,-10
1156,-10
1157,0
1158,0
1159,0
1160,0
1161,0
1162,-20
1163,0
1164,0
1165,-10
1166,0
1167,0
1168,0
1169,-20
1170,-20
1171,0
1172,0
1173,0
1174,-10
1175,-10
1176,0
1177,-10
1178,0
1179,0
1180,0
1181,-10
1182,0
1183,0
1184,0
1185,0
1186,0
1187,-10
1188,0
1189,-10
1190,0
1191,0
1192,-10
1193,-20
1194,-10
1195,0
1196,-10
1197,-20
1198,0
1199,-20
1200,-10
1201,0
1202,-10
1203,-10
1204,0
1205,0
1206,0
1207,-20
1208,0
1209,0
1210,0
1211,0
1212,0
1213,0
1214,0
1215,-20
1216,0
1217,0
1218,0
1219,0
1220,0
1221,-10
1222,-10
1223,0
1224,0
1225,-10
1226,0
1227,-10
1228,0
1229,0
1230,0
1231,0
1232,0
1233,0
1234,0
1235,-10
1236,-20
1237,0
1238,-10
1239,-10
1240,0
1241,-10
1242,0
1243,0
1244,-10
1245,0
1246,0
1247,-10
1248,-20
1249,-10
1250,-20
1251,0
1252,0
1253,0
1254,-10
1255,0
1256,0
1257,0
1258,0
1259,-10
1260,0
1261,0
1262,0
1263,-10
1264,-10
1265,0
1266,0
1267,-10
1268,0
1269,0
1270,-10
1271,0
1272,0
1273,0
1274,0
1275,0
1276,-20
1277,0
1278,0
1279,0
1280,-10
1281,-30
1282,-10
1283,0
1284,0
1285,0
1286,0
1287,0
1288,0
1289,0
1290,0
1291,-10
1292,0
1293,-10
1294,-10
1295,0
1296,-10
1297,0
1298,0
1299,0
1300,-10
1301,0
1302,-10
1303,-10
1304,0
1305,0
1306,0
1307,0
1308,-10
1309,0
1310,0
1311,-10
1312,-10
1313,-10
1314,-10
1315,-10
1316,-20
1317,0
1318,-10
1319,-10
1320,0
1321,-20
1322,0
1323,0
1324,-10
1325,-10
1326,0
1327,-10
1328,-10
1329,0
1330,0
1331,0
1332,-10
1333,-10
1334,0
1335,-10
1336,-10
1337,-10
1338,0
1339,0
1340,-10
1341,-10
1342,-10
1343,0
1344,-10
1345,-10
1346,0
1347,0
1348,0
1349,-10
1350,0
1351,-10
1352,0
1353,0
1354,-10
1355,-10
1356,-20
1357,0
1358,-20
1359,-10
1360,-10
1361,0
1362,-10
1363,-10
1364,0
1365,-10
1366,0
1367,0
1368,-10
1369,0
1370,0
1371,-10
1372,0
1373,-30
1374,-10
1375,-10
1376,0
1377,-10
1378,-10
1379,0
1380,0
1381,0
1382,0
1383,0
1384,0
1385,0
1386,-10
1387,0
1388,-10
1389,0
1390,0
1391,0
1392,0
1393,-10
1394,0
1395,0
1396,-10
1397,-10
1398,0
1399,-10
1400,0
1401,0
1402,-30
1403,-10
1404,0
1405,0
1406,0
1407,0
1408,0
1409,-20
1410,-10
1411,0
1412,0
1413,-10
1414,-10
1415,-20
1416,-10
1417,-10
1418,0
1419,-20
1420,0
1421,0
1422,0
1423,0
1424,0
1425,0
1426,-20
1427,-10
1428,-10
1429,0
1430,-20
1431,0
1432,0
1433,0
1434,-10
1435,-10
1436,0
1437,-10
1438,-10
1439,0
1440,0
1441,-40
1442,-10
1443,0
1444,-10
1445,-10
1446,-10
1447,-10
1448,0
1449,-10
1450,-10
1451,0
1452,0
1453,0
1454,0
1455,-10
1456,0
1457,-10
1458,0
1459,-10
1460,0
1461,-10
1462,0
1463,0
1464,-10
1465,-10
1466,0
1467,-10
1468,0
1469,0
1470,0
1471,0
1472,-10
1473,0
1474,-10
1475,-10
1476,-10
1477,0
1478,-10
1479,0
1480,0
1481,-10
1482,-10
1483,-10
1484,0
1485,0
1486,0
1487,0
1488,-10
1489,0
1490,0
1491,-20
1492,-10
1493,0
1494,0
1495,0
1496,0
1497,0
1498,0
1499,-10
1500,0
1501,-10
1502,0
1503,0
1504,0
1505,0
1506,-10
1507,0
1508,0
1509,-10
1510,-20
1511,-10
1512,-20
1513,-20
1514,-10
1515,-10
1516,-10
1517,0
1518,0
1519,0
1520,0
1521,0
1522,-10
1523,0
1524,-10
1525,0
1526,0
1527,-20
1528,-10
1529,-20
1530,0
1531,0
1532,0
1533,0
1534,0
1535,-20
1536,-10
1537,0
1538,0
1539,0
1540,-10
1541,0
1542,0
1543,0
1544,0
1545,-10
1546,-10
1547,0
1548,-10
1549,0
1550,0
1551,0
1552,-10
1553,-10
1554,0
1555,-10
1556,0
1557,0
1558,0
1559,0
1560,0
1561,-10
1562,-10
1563,-10
1564,-10
1565,-10
1566,-10
1567,0
1568,0
1569,-10
1570,-10
1571,0
1572,0
1573,-10
1574,0
1575,0
1576,-20
1577,-10
1578,0
1579,-10
1580,0
1581,-10
1582,0
1583,-10
1584,0
1585,0
1586,0
1587,0
1588,-10
1589,-10
1590,0
1591,-10
1592,0
1593,0
1594,0
1595,0
1596,-10
1597,0
1598,-20
1599,0
1600,0
1601,-10
1602,-10
1603,0
1604,0
1605,-10
1606,0
1607,0
1608,-10
1609,-10
1610,0
1611,0
1612,0
1613,0
1614,0
1615,0
1616,-20
1617,0
1618,-10
1619,0
1620,-10
1621,0
1622,-10
1623,-20
1624,0
1625,0
1626,0
1627,0
1628,-10
1629,-10
1630,-20
1631,0
1632,0
1633,0
1634,-10
1635,-10
1636,-10
1637,-10
1638,-10
1639,0
1640,0
1641,-20
1642,0
1643,0
1644,0
1645,0
1646,-10
1647,0
1648,-10
1649,0
1650,-10
1651,0
1652,0
1653,0
1654,0
1655,0
1656,0
1657,0
1658,-10
1659,-10
1660,-10
1661,0
1662,0
1663,-20
1664,0
1665,-10
1666,-10
1667,-10
1668,0
1669,-10
1670,0
1671,0
1672,0
1673,0
1674,-20
1675,0
1676,0
1677,-10
1678,-10
1679,-10
1680,-10
1681,0
1682,0
1683,0
1684,-10
1685,-20
1686,-10
1687,0
1688,0
1689,0
1690,-10
1691,0
1692,0
1693,-10
1694,0
1695,0
1696,0
1697,0
1698,0
1699,0
1700,-20
1701,0
1702,0
1703,0
1704,-10
1705,-20
1706,0
1707,0
1708,-10
1709,-20
1710,-20
1711,0
1712,0
1713,-20
1714,0
1715,0
1716,-10
1717,0
1718,-20
1719,-20
1720,0
1721,0
1722,-10
1723,0
1724,0
1725,-20
1726,0
1727,-10
1728,-20
1729,0
1730,0
1731,0
1732,0
1733,-10
1734,0
1735,-10
1736,-10
1737,-10
1738,-10
1739,0
1740,-10
1741,0
1742,-10
1743,0
1744,-10
1745,-10
1746,0
1747,0
1748,0
1749,-10
1750,-10
1751,0
1752,0
1753,-10
1754,-10
1755,-20
1756,0
1757,0
1758,0
1759,-10
1760,0
1761,-10
1762,-10
1763,-10
1764,0
1765,0
1766,0
1767,0
1768,-10
1769,0
1770,0
1771,0
1772,0
1773,0
1774,0
1775,0
1776,-20
1777,0
1778,-20
1779,-20
1780,-10
1781,0
1782,-10
1783,0
1784,0
1785,-10
1786,0
1787,-10
1788,0
1789,0
1790,0
1791,-10
1792,0
1793,-10
1794,0
1795,-10
1796,0
1797,-10
1798,0
1799,-10
1800,0
1801,0
1802,0
1803,-10
1804,0
1805,0
1806,-10
1807,0
1808,-20
1809,0
1810,-20
1811,0
1812,-10
1813,0
1814,0
1815,0
1816,-20
1817,0
1818,0
1819,0
1820,0
1821,-10
1822,-10
1823,-20
1824,0
1825,-10
1826,-10
1827,-10
1828,0
1829,-10
1830,-10
1831,0
1832,-10
1833,-10
1834,-10
1835,-30
1836,-10
1837,-10
1838,-10
1839,-10
1840,-30
1841,0
1842,0
1843,0
1844,0
1845,-10
1846,0
1847,-10
1848,0
1849,0
1850,-20
1851,-10
1852,0
1853,-10
1854,0
1855,0
1856,-20
1857,-10
1858,0
1859,0
1860,0
1861,0
1862,0
1863,0
1864,0
1865,0
1866,0
1867,-20
1868,0
1869,-30
1870,0
1871,-10
1872,0
1873,0
1874,-20
1875,0
1876,0
1877,-10
1878,0
1879,-10
1880,0
1881,-20
1882,0
1883,0
1884,-10
1885,-30
1886,-10
1887,-20
1888,0
1889,0
1890,0
1891,0
1892,0
1893,0
1894,-20
1895,0
1896,-10
1897,0
1898,0
1899,-10
1900,0
1901,0
1902,0
1903,0
1904,0
1905,0
1906,-10
1907,0
1908,0
1909,0
1910,0
1911,0
1912,0
1913,0
1914,0
1915,0
1916,0
1917,-20
1918,0
1919,-20
1920,0
1921,-10
1922,-20
1923,0
1924,0
1925,0
1926,0
1927,0
1928,-10
1929,0
1930,0
1931,-10
1932,0
1933,-10
1934,-20
1935,-10
1936,-10
1937,-10
1938,0
1939,-10
1940,0
1941,-10
1942,0
1943,-10
1944,0
1945,0
1946,0
1947,0
1948,0
1949,0
1950,0
1951,0
1952,-20
1953,0
1954,0
1955,0
1956,0
1957,0
1958,0
1959,-20
1960,-10
1961,0
1962,0
1963,0
1964,-10
1965,-10
1966,0
1967,0
1968,0
1969,0
1970,-10
1971,-10
1972,0
1973,0
1974,0
1975,-10
1976,0
1977,-10
1978,-10
1979,0
1980,0
1981,0
1982,0
1983,0
1984,-10
1985,0
1986,0
1987,0
1988,0
1989,-10
1990,0
1991,-10
1992,0
1993,0
1994,0
1995,0
1996,-10
1997,0
1998,0
1999,0
2000,-10
2001,-30
2002,-10
2003,0
2004,0
2005,0
2006,-10
2007,0
2008,0
2009,-10
2010,0
2011,-10
2012,-10
2013,-10
2014,-10
2015,-20
2016,0
2017,0
2018,-10
2019,0
2020,-10
2021,0
2022,0
2023,0
2024,-30
2025,0
2026,-10
2027,0
2028,-10
2029,0
2030,-10
2031,0
2032,0
2033,0
2034,-10
2035,-10
2036,-10
2037,-20
2038,0
2039,0
2040,-10
2041,0
2042,0
2043,0
2044,0
2045,0
2046,0
2047,0
2048,-10
2049,0
2050,0
2051,-20
2052,0
2053,-10
2054,-20
2055,0
2056,0
2057,0
2058,0
2059,-10
2060,0
2061,0
2062,0
2063,0
2064,0
2065,0
2066,0
2067,-10
2068,-10
2069,0
2070,-10
2071,0
2072,-20
2073,-10
2074,-10
2075,-10
2076,0
2077,0
2078,0
2079,-10
2080,-10
2081,0
2082,-10
2083,0
2084,0
2085,-10
2086,-10
2087,-10
2088,0
2089,0
2090,0
2091,-10
2092,0
2093,-10
2094,-10
2095,0
2096,-10
2097,0
2098,0
2099,0
2100,-20
2101,0
2102,-10
2103,-20
2104,-20
2105,-10
2106,0
2107,-10
2108,0
2109,0
2110,0
2111,-10
2112,0
2113,0
2114,0
2115,0
2116,-10
2117,-10
2118,-10
2119,0
2120,-10
2121,0
2122,0
2123,-10
2124,0
2125,0
2126,0
2127,-10
2128,-20
2129,0
2130,-10
2131,0
2132,0
2133,0
2134,0
2135,-10
2136,0
2137,0
2138,0
2139,-10
2140,-10
2141,-10
2142,0
2143,0
2144,0
2145,0
2146,0
2147,0
2148,-10
2149,-20
2150,0
2151,0
2152,-10
2153,0
2154,-10
2155,-20
2156,0
2157,-10
2158,-10
2159,-10
2160,0
2161,0
2162,-20
2163,0
2164,0
2165,0
2166,0
2167,-20
2168,0
2169,0
2170,0
2171,0
2172,0
2173,-10
2174,0
2175,-10
2176,0
2177,-30
2178,-10
2179,-10
2180,-10
2181,-10
2182,0
2183,0
2184,0
2185,-10
2186,-20
2187,-10
2188,0
2189,-10
2190,0
2191,-10
2192,-10
2193,0
2194,0
2195,-30
2196,-10
2197,0
2198,0
2199,0
2200,0
2201,-20
2202,0
2203,-10
2204,0
2205,0
2206,-10
2207,0
2208,-10
2209,0
2210,0
2211,-20
2212,-10
2213,-20
2214,0
2215,-10
2216,0
2217,0
2218,0
2219,-10
2220,-30
2221,0
2222,0
2223,0
2224,-10
2225,0
2226,0
2227,0
2228,0
2229,0
2230,0
2231,-10
2232,0
2233,-20
2234,0
2235,0
2236,-10
2237,0
2238,0
2239,-10
2240,0
2241,0
2242,0
2243,-10
2244,-10
2245,0
2246,0
2247,0
2248,0
2249,0
2250,-10
2251,-10
2252,-10
2253,0
2254,0
2255,0
2256,0
2257,0
2258,-10
2259,0
2260,0
2261,0
2262,-10
2263,0
2264,-20
2265,-10
2266,-10
2267,-10
2268,0
2269,-20
2270,0
2271,0
2272,0
2273,0
2274,0
2275,-10
2276,0
2277,-10
2278,-10
2279,-20
2280,-10
2281,0
2282,-10
2283,-10
2284,0
2285,0
2286,-10
2287,0
2288,0
2289,0
2290,-10
2291,-20
2292,-10
2293,0
2294,0
2295,0
2296,-10
2297,0
2298,0
2299,0
2300,-20
2301,-10
2302,-10
2303,0
2304,0
2305,-10
2306,0
2307,-10
2308,0
2309,0
2310,-10
2311,0
2312,0
2313,0
2314,-10
2315,0
2316,-10
2317,-10
2318,0
2319,0
2320,-10
2321,0
2322,0
2323,0
2324,0
2325,-10
2326,-10
2327,0
2328,-10
2329,0
2330,0
2331,-20
2332,-10
2333,0
2334,0
2335,0
2336,0
2337,0
2338,0
2339,0
2340,-10
2341,0
2342,-10
2343,0
2344,0
2345,-10
2346,-10
2347,0
2348,-10
2349,-10
2350,0
2351,-10
2352,-10
2353,0
2354,-20
2355,-10
2356,-10
2357,0
2358,-10
2359,-10
2360,0
2361,-10
2362,0
2363,0
2364,0
2365,0
2366,-10
2367,0
2368,-10
2369,-30
2370,0
2371,0
2372,0
2373,0
2374,0
2375,0
2376,0
2377,-10
2378,0
2379,0
2380,-10
2381,-10
2382,-10
2383,-10
2384,-10
2385,0
2386,0
2387,0
2388,0
2389,-10
2390,-10
2391,0
2392,-10
2393,0
2394,-20
2395,-10
2396,0
2397,-10
2398,0
2399,-20
2400,0
2401,0
2402,-10
2403,-10
2404,0
2405,0
2406,-10
2407,-10
2408,-20
2409,-10
2410,0
2411,0
2412,0
2413,0
2414,0
2415,-10
2416,-10
2417,-10
2418,-10
2419,0
2420,0
2421,-20
2422,0
2423,-10
2424,-30
2425,-10
2426,-10
2427,0
2428,0
2429,0
2430,0
2431,0
2432,0
2433,0
2434,0
2435,0
2436,0
2437,0
2438,0
2439,-10
2440,0
2441,0
2442,-20
2443,0
2444,-30
2445,0
2446,0
2447,0
2448,0
2449,0
2450,0
2451,0
2452,-10
2453,-20
2454,-20
2455,-20
2456,0
2457,-10
2458,-10
2459,0
2460,0
2461,0
2462,0
2463,0
2464,-10
2465,-10
2466,-20
2467,0
2468,-20
2469,-10
2470,0
2471,-10
2472,0
2473,-10
2474,0
2475,0
2476,0
2477,0
2478,0
2479,-10
2480,0
2481,0
2482,-10
2483,-10
2484,0
2485,-20
2486,0
2487,0
2488,0
2489,0
2490,0
2491,0
2492,-10
2493,0
2494,0
2495,0
2496,0
2497,0
2498,-10
2499,0
2500,-10
2501,-10
2502,0
2503,0
2504,-10
2505,0
2506,0
2507,0
2508,0
2509,0
2510,0
2511,-10
2512,-20
2513,-20
2514,-10
2515,0
2516,-10
2517,0
2518,-10
2519,0
2520,-10
2521,0
2522,0
2523,-20
2524,0
2525,-10
2526,0
2527,-10
2528,0
2529,-20
2530,0
2531,0
2532,-10
2533,-10
2534,-10
2535,0
2536,-20
2537,0
2538,-10
2539,-10
2540,0
2541,0
2542,0
2543,0
2544,-30
2545,-10
2546,0
2547,-10
2548,0
2549,-10
2550,0
2551,0
2552,0
2553,0
2554,0
2555,-10
2556,0
2557,0
2558,0
2559,-10
2560,-10
2561,0
2562,-10
2563,0
2564,0
2565,0
2566,0
2567,0
2568,-10
2569,-20
2570,0
2571,-10
2572,0
2573,0
2574,0
2575,0
2576,0
2577,-20
2578,0
2579,0
2580,0
2581,-10
2582,0
2583,-10
2584,0
2585,-10
2586,0
2587,0
2588,0
2589,-10
2590,0
2591,-10
2592,-20
2593,-10
2594,0
2595,0
2596,0
2597,0
2598,0
2599,0
2600,0
2601,0
2602,0
2603,-10
2604,0
2605,0
2606,0
2607,-10
2608,0
2609,0
2610,-10
2611,0
2612,0
2613,0
2614,0
2615,-20
2616,0
2617,0
2618,0
2619,0
2620,0
2621,0
2622,-10
2623,0
2624,-10
2625,-10
2626,-10
2627,0
2628,-10
2629,0
2630,-20
2631,0
2632,0
2633,0
2634,-10
2635,0
2636,0
2637,-10
2638,0
2639,-10
2640,-10
2641,0
2642,0
2643,-10
2644,0
2645,-10
2646,0
2647,-10
2648,0
2649,0
2650,0
2651,0
2652,0
2653,0
2654,0
2655,-10
2656,0
2657,0
2658,0
2659,0
2660,0
2661,-10
2662,0
2663,-10
2664,0
2665,0
2666,0
2667,0
2668,0
2669,0
2670,-10
2671,0
2672,0
2673,-10
2674,0
2675,0
2676,0
2677,0
2678,0
2679,-10
2680,-10
2681,-20
2682,-20
2683,-10
2684,0
2685,-10
2686,-10
2687,0
2688,0
2689,-10
2690,-10
2691,0
2692,0
2693,0
2694,0
2695,0
2696,0
2697,-20
2698,0
2699,-10
2700,0
2701,0
2702,0
2703,0
2704,0
2705,0
2706,-10
2707,-10
2708,-10
2709,-10
2710,0
2711,0
2712,-20
2713,-20
2714,-10
2715,-10
2716,0
2717,-10
2718,-30
2719,-10
2720,-20
2721,-10
2722,-20
2723,-10
2724,0
2725,0
2726,0
2727,0
2728,0
2729,0
2730,0
2731,0
2732,0
2733,-10
2734,-10
2735,0
2736,-10
2737,-10
2738,0
2739,0
2740,-10
2741,0
2742,-10
2743,0
2744,0
2745,-10
2746,0
2747,-10
2748,0
2749,0
2750,0
2751,-20
2752,-10
2753,0
2754,0
2755,0
2756,0
2757,0
2758,-20
2759,0
2760,-10
2761,-10
2762,0
2763,-20
2764,-40
2765,-30
2766,0
2767,-10
2768,-10
2769,-10
2770,-10
2771,0
2772,-20
2773,-20
2774,0
2775,-10
2776,-10
2777,0
2778,-10
2779,0
2780,-10
2781,0
2782,0
2783,-10
2784,0
2785,0
2786,0
2787,-10
2788,0
2789,0
2790,0
2791,0
2792,0
2793,0
2794,0
2795,0
2796,0
2797,-10
2798,0
2799,-10
2800,-10
2801,0
2802,0
2803,0
2804,-20
2805,0
2806,0
2807,0
2808,-10
2809,0
2810,0
2811,0
2812,-10
2813,-10
2814,0
2815,0
2816,0
2817,-20
2818,0
2819,0
2820,0
2821,0
2822,0
2823,0
2824,0
2825,0
2826,0
2827,0
2828,0
2829,-10
2830,-10
2831,0
2832,0
2833,-30
2834,0
2835,0
2836,-20
2837,0
2838,-10
2839,0
2840,0
2841,0
2842,-10
2843,0
2844,-10
2845,-10
2846,0
2847,-10
2848,0
2849,0
2850,0
2851,-10
2852,0
2853,-10
2854,-10
2855,0
2856,-10
2857,-20
2858,0
2859,0
2860,0
2861,0
2862,-10
2863,-10
2864,-30
2865,-10
2866,-20
2867,-10
2868,0
2869,-20
2870,0
2871,0
2872,-10
2873,0
2874,-10
2875,-20
2876,0
2877,0
2878,-10
2879,0
2880,0
2881,0
2882,0
2883,0
2884,0
2885,-10
2886,-10
2887,0
2888,-20
2889,-10
2890,0
2891,0
2892,-10
2893,-20
2894,-10
2895,-10
2896,0
2897,0
2898,0
2899,-10
2900,0
2901,-10
2902,-10
2903,0
2904,0
2905,0
2906,0
2907,0
2908,0
2909,-20
2910,-10
2911,-10
2912,-10
2913,0
2914,0
2915,0
2916,0
2917,-10
2918,-10
2919,-10
2920,0
2921,0
2922,-10
2923,0
2924,-10
2925,0
2926,0
2927,-10
2928,0
2929,0
2930,-20
2931,0
2932,0
2933,0
2934,0
2935,0
2936,-10
2937,0
2938,-10
2939,0
2940,0
2941,-10
2942,-20
2943,-10
2944,0
2945,-20
2946,0
2947,-10
2948,0
2949,-10
2950,0
2951,0
2952,-20
2953,0
2954,-10
2955,-10
2956,0
2957,0
2958,0
2959,-10
2960,0
2961,-10
2962,0
2963,-10
2964,-10
2965,0
2966,-10
2967,0
2968,0
2969,-20
2970,0
2971,-30
2972,0
2973,-10
2974,0
2975,0
2976,0
2977,-10
2978,-10
2979,0
2980,0
2981,0
2982,0
2983,0
2984,-10
2985,-30
2986,-10
2987,0
2988,0
2989,-10
2990,0
2991,0
2992,0
2993,0
2994,0
2995,-20
2996,0
2997,0
2998,-10
2999,0
3000,0
